Workbook

Sheet Rapport
A1: RAPPORT — Kalkylakuten
A2: Ren med varningar
A3: Filen är tekniskt stabil och fullt användbar. Men flera strukturella och logiska avvikelser gör att siffrorna kan vara missvisande.
A5: Originalfil: demofil.xlsx
A6: Behandlad: 2026-10-19 09:20
A7: Ändrade celler: 30611 — varav 60 bör granskas i fliken Ändringslogg
A8: Flaggade problem: 44 — se fliken Granska dessa
A10: VAD SOM ÅTGÄRDADES
A11: • 200 textvärden konverterades till tal
A12: • 40 felceller (#DIV/0! m.fl.) rensades
A13: • 40 celler återskapades från kolumnens formelmönster
A14: • 20 döda referenser (#REF!) plockades bort ur formler
... A30: • Filen har fått flikarna "Rapport", "Granska dessa" och "Ändringslogg" — sammanfattningen, flaggade problem och hela ändringsloggen

Sheet Sammanfattning
A2: Nyckeltal 1 | E2: =SUM(B2:D2) | F2: =SUM(B2:E2)
A3: Nyckeltal 2 | B3: =Berakning!C3*B2 | C3: =Berakning!C3*C2 | D3: =Berakning!C3*D2 | E3: =SUM(B3:D3) | F3: =SUM(B3:E3)
A4: Nyckeltal 3 | B4: =Berakning!C4*B2 | C4: =Berakning!C4*C2 | D4: =Berakning!C4*D2 | E4: =SUM(B4:D4) | F4: =SUM(B4:E4)
A5: Nyckeltal 4 | B5: =Berakning!C5*B2 | C5: =Berakning!C5*C2 | D5: =Berakning!C5*D2 | E5: =SUM(B5:D5) | F5: =SUM(B5:E5)
A6: Nyckeltal 5 | B6: =Berakning!C6*B2 | C6: =Berakning!C6*C2 | D6: =Berakning!C6*D2 | E6: =SUM(B6:D6) | F6: =SUM(B6:E6)
A7: Nyckeltal 6 | B7: =Berakning!C7*B2 | C7: =Berakning!C7*C2 | D7: =Berakning!C7*D2 | E7: =SUM(B7:D7) | F7: =SUM(B7:E7)
A8: Nyckeltal 7 | B8: =Berakning!C8*B2 | C8: =Berakning!C8*C2 | D8: =Berakning!C8*D2 | E8: =SUM(B8:D8) | F8: =SUM(B8:E8)
A9: Nyckeltal 8 | B9: =Berakning!C9*B2 | C9: =Berakning!C9*C2 | D9: =Berakning!C9*D2 | E9: =SUM(B9:D9) | F9: =SUM(B9:E9)
A10: Nyckeltal 9 | B10: =Berakning!C10*B2 | C10: =Berakning!C10*C2 | D10: =Berakning!C10*D2 | E10: =SUM(B10:D10) | F10: =SUM(B10:E10)
A11: Nyckeltal 10 | B11: =Berakning!C11*B2 | C11: =Berakning!C11*C2 | D11: =Berakning!C11*D2 | E11: =SUM(B11:D11) | F11: =SUM(B11:E11)
A12: Nyckeltal 11 | B12: =Berakning!C12*B2 | C12: =Berakning!C12*C2 | D12: =Berakning!C12*D2 | E12: =SUM(B12:D12) | F12: =SUM(B12:E12)
A13: Nyckeltal 12 | B13: =Berakning!C13*B2 | C13: =Berakning!C13*C2 | D13: =Berakning!C13*D2 | E13: =SUM(B13:D13) | F13: =SUM(B13:E13)
A14: Nyckeltal 13 | B14: =Berakning!C14*B2 | C14: =Berakning!C14*C2 | D14: =Berakning!C14*D2 | E14: =SUM(B14:D14) | F14: =SUM(B14:E14)
A15: Nyckeltal 14 | B15: =Berakning!C15*B2 | C15: =Berakning!C15*C2 | D15: =Berakning!C15*D2 | E15: =SUM(B15:D15) | F15: =SUM(B15:E15)
A16: Nyckeltal 15 | B16: =Berakning!C16*B2 | C16: =Berakning!C16*C2 | D16: =Berakning!C16*D2 | E16: =SUM(B16:D16) | F16: =SUM(B16:E16)
A17: Nyckeltal 16 | B17: =Berakning!C17*B2 | C17: =Berakning!C17*C2 | D17: =Berakning!C17*D2 | E17: =SUM(B17:D17) | F17: =SUM(B17:E17)
A18: Nyckeltal 17 | B18: =Berakning!C18*B2 | C18: =Berakning!C18*C2 | D18: =Berakning!C18*D2 | E18: =SUM(B18:D18) | F18: =SUM(B18:E18)
A19: Nyckeltal 18 | B19: =Berakning!C19*B2 | C19: =Berakning!C19*C2 | D19: =Berakning!C19*D2 | E19: =SUM(B19:D19) | F19: =SUM(B19:E19)
A20: Nyckeltal 19 | B20: =Berakning!C20*B2 | C20: =Berakning!C20*C2 | D20: =Berakning!C20*D2 | E20: =SUM(B20:D20) | F20: =SUM(B20:E20)
A21: Nyckeltal 20 | B21: =Berakning!C21*B2 | C21: =Berakning!C21*C2 | D21: =Berakning!C21*D2 | E21: =SUM(B21:D21) | F21: =SUM(B21:E21)
A22: Nyckeltal 21 | B22: =Berakning!C22*B2 | C22: =Berakning!C22*C2 | D22: =Berakning!C22*D2 | E22: =SUM(B22:D22) | F22: =SUM(B22:E22)
A23: Nyckeltal 22 | B23: =Berakning!C23*B2 | C23: =Berakning!C23*C2 | D23: =Berakning!C23*D2 | E23: =SUM(B23:D23) | F23: =SUM(B23:E23)
A24: Nyckeltal 23 | B24: =Berakning!C24*B2 | C24: =Berakning!C24*C2 | D24: =Berakning!C24*D2 | E24: =SUM(B24:D24) | F24: =SUM(B24:E24)
A25: Nyckeltal 24 | B25: =Berakning!C25*B2 | C25: =Berakning!C25*C2 | D25: =Berakning!C25*D2 | E25: =SUM(B25:D25) | F25: =SUM(B25:E25)
A26: Nyckeltal 25 | B26: =Berakning!C26*B2 | C26: =Berakning!C26*C2 | D26: =Berakning!C26*D2 | E26: =SUM(B26:D26) | F26: =SUM(B26:E26)
A27: Nyckeltal 26 | B27: =Berakning!C27*B2 | C27: =Berakning!C27*C2 | D27: =Berakning!C27*D2 | E27: =SUM(B27:D27) | F27: =SUM(B27:E27)
A28: Nyckeltal 27 | B28: =Berakning!C28*B2 | C28: =Berakning!C28*C2 | D28: =Berakning!C28*D2 | E28: =SUM(B28:D28) | F28: =SUM(B28:E28)
A29: Nyckeltal 28 | B29: =Berakning!C29*B2 | C29: =Berakning!C29*C2 | D29: =Berakning!C29*D2 | E29: =SUM(B29:D29) | F29: =SUM(B29:E29)
A30: Nyckeltal 29 | B30: =Berakning!C30*B2 | C30: =Berakning!C30*C2 | D30: =Berakning!C30*D2 | E30: =SUM(B30:D30) | F30: =SUM(B30:E30)
A31: Nyckeltal 30 | B31: =Berakning!C31*B2 | C31: =Berakning!C31*C2 | D31: =Berakning!C31*D2 | E31: =SUM(B31:D31) | F31: =SUM(B31:E31)
A32: Nyckeltal 31 | B32: =Berakning!C32*B2 | C32: =Berakning!C32*C2 | D32: =Berakning!C32*D2 | E32: =SUM(B32:D32) | F32: =SUM(B32:E32)
A33: Nyckeltal 32 | B33: =Berakning!C33*B2 | C33: =Berakning!C33*C2 | D33: =Berakning!C33*D2 | E33: =SUM(B33:D33) | F33: =SUM(B33:E33)
A34: Nyckeltal 33 | B34: =Berakning!C34*B2 | C34: =Berakning!C34*C2 | D34: =Berakning!C34*D2 | E34: =SUM(B34:D34) | F34: =SUM(B34:E34)
A35: Nyckeltal 34 | B35: =Berakning!C35*B2 | C35: =Berakning!C35*C2 | D35: =Berakning!C35*D2 | E35: =SUM(B35:D35) | F35: =SUM(B35:E35)
A36: Nyckeltal 35 | B36: =Berakning!C36*B2 | C36: =Berakning!C36*C2 | D36: =Berakning!C36*D2 | E36: =SUM(B36:D36) | F36: =SUM(B36:E36)
A37: Nyckeltal 36 | B37: =Berakning!C37*B2 | C37: =Berakning!C37*C2 | D37: =Berakning!C37*D2 | E37: =SUM(B37:D37) | F37: =SUM(B37:E37)
A38: Nyckeltal 37 | B38: =Berakning!C38*B2 | C38: =Berakning!C38*C2 | D38: =Berakning!C38*D2 | E38: =SUM(B38:D38) | F38: =SUM(B38:E38)
A39: Nyckeltal 38 | B39: =Berakning!C39*B2 | C39: =Berakning!C39*C2 | D39: =Berakning!C39*D2 | E39: =SUM(B39:D39) | F39: =SUM(B39:E39)
A40: Nyckeltal 39 | B40: =Berakning!C40*B2 | C40: =Berakning!C40*C2 | D40: =Berakning!C40*D2 | E40: =SUM(B40:D40) | F40: =SUM(B40:E40)
A41: Nyckeltal 40 | B41: =Berakning!C41*B2 | C41: =Berakning!C41*C2 | D41: =Berakning!C41*D2 | E41: =SUM(B41:D41) | F41: =SUM(B41:E41)
A42: Nyckeltal 41 | B42: =Berakning!C42*B2 | C42: =Berakning!C42*C2 | D42: =Berakning!C42*D2 | E42: =SUM(B42:D42) | F42: =SUM(B42:E42)
A43: Nyckeltal 42 | B43: =Berakning!C43*B2 | C43: =Berakning!C43*C2 | D43: =Berakning!C43*D2 | E43: =SUM(B43:D43) | F43: =SUM(B43:E43)
A44: Nyckeltal 43 | B44: =Berakning!C44*B2 | C44: =Berakning!C44*C2 | D44: =Berakning!C44*D2 | E44: =SUM(B44:D44) | F44: =SUM(B44:E44)
A45: Nyckeltal 44 | B45: =Berakning!C45*B2 | C45: =Berakning!C45*C2 | D45: =Berakning!C45*D2 | E45: =SUM(B45:D45) | F45: =SUM(B45:E45)
A46: Nyckeltal 45 | B46: =Berakning!C46*B2 | C46: =Berakning!C46*C2 | D46: =Berakning!C46*D2 | E46: =SUM(B46:D46) | F46: =SUM(B46:E46)
A47: Nyckeltal 46 | B47: =Berakning!C47*B2 | C47: =Berakning!C47*C2 | D47: =Berakning!C47*D2 | E47: =SUM(B47:D47) | F47: =SUM(B47:E47)
A48: Nyckeltal 47 | B48: =Berakning!C48*B2 | C48: =Berakning!C48*C2 | D48: =Berakning!C48*D2 | E48: =SUM(B48:D48) | F48: =SUM(B48:E48)
A49: Nyckeltal 48 | B49: =Berakning!C49*B2 | C49: =Berakning!C49*C2 | D49: =Berakning!C49*D2 | E49: =SUM(B49:D49) | F49: =SUM(B49:E49)
A50: Historik 1 | B50: =[Gamla_2023.xlsx]Oversikt!B50 | C50: =[Gamla_2023.xlsx]Oversikt!C50 | E50: =SUM(B50:D50) | F50: =SUM(B50:E50)
A51: Historik 2 | B51: =[Gamla_2023.xlsx]Oversikt!B51 | C51: =[Gamla_2023.xlsx]Oversikt!C51 | E51: =SUM(B51:D51) | F51: =SUM(B51:E51)
A52: Historik 3 | B52: =[Gamla_2023.xlsx]Oversikt!B52 | C52: =[Gamla_2023.xlsx]Oversikt!C52 | E52: =SUM(B52:D52) | F52: =SUM(B52:E52)
A53: Historik 4 | B53: =[Gamla_2023.xlsx]Oversikt!B53 | C53: =[Gamla_2023.xlsx]Oversikt!C53 | E53: =SUM(B53:D53) | F53: =SUM(B53:E53)
A54: Historik 5 | B54: =[Gamla_2023.xlsx]Oversikt!B54 | C54: =[Gamla_2023.xlsx]Oversikt!C54 | E54: =SUM(B54:D54) | F54: =SUM(B54:E54)
A55: Historik 6 | B55: =[Gamla_2023.xlsx]Oversikt!B55 | C55: =[Gamla_2023.xlsx]Oversikt!C55 | E55: =SUM(B55:D55) | F55: =SUM(B55:E55)
A56: Historik 7 | B56: =[Gamla_2023.xlsx]Oversikt!B56 | C56: =[Gamla_2023.xlsx]Oversikt!C56 | E56: =SUM(B56:D56) | F56: =SUM(B56:E56)
A57: Historik 8 | B57: =[Gamla_2023.xlsx]Oversikt!B57 | C57: =[Gamla_2023.xlsx]Oversikt!C57 | E57: =SUM(B57:D57) | F57: =SUM(B57:E57)
A58: Historik 9 | B58: =[Gamla_2023.xlsx]Oversikt!B58 | C58: =[Gamla_2023.xlsx]Oversikt!C58 | E58: =SUM(B58:D58) | F58: =SUM(B58:E58)
A59: Historik 10 | B59: =[Gamla_2023.xlsx]Oversikt!B59 | C59: =[Gamla_2023.xlsx]Oversikt!C59 | E59: =SUM(B59:D59) | F59: =SUM(B59:E59)
A60: Historik 11 | B60: =[Gamla_2023.xlsx]Oversikt!B60 | C60: =[Gamla_2023.xlsx]Oversikt!C60 | E60: =SUM(B60:D60) | F60: =SUM(B60:E60)
A61: Historik 12 | B61: =[Gamla_2023.xlsx]Oversikt!B61 | C61: =[Gamla_2023.xlsx]Oversikt!C61 | E61: =SUM(B61:D61) | F61: =SUM(B61:E61)
... A69: Historik 20 | B69: =[Gamla_2023.xlsx]Oversikt!B69 | C69: =[Gamla_2023.xlsx]Oversikt!C69 | E69: =SUM(B69:D69) | F69: =SUM(B69:E69)
A70: Avstämd 1 | B70: =SUM(Data!B70:D70) | E70: =SUM(B70:D70) | F70: =SUM(B70:E70)
A71: Avstämd 2 | B71: =SUM(Data!B71:D71) | E71: =SUM(B71:D71) | F71: =SUM(B71:E71)
A72: Avstämd 3 | B72: =SUM(Data!B72:D72) | E72: =SUM(B72:D72) | F72: =SUM(B72:E72)
A73: Avstämd 4 | B73: =SUM(Data!B73:D73) | E73: =SUM(B73:D73) | F73: =SUM(B73:E73)
A74: Avstämd 5 | B74: =SUM(Data!B74:D74) | E74: =SUM(B74:D74) | F74: =SUM(B74:E74)
A75: Avstämd 6 | B75: =SUM(Data!B75:D75) | E75: =SUM(B75:D75) | F75: =SUM(B75:E75)
A76: Avstämd 7 | B76: =SUM(Data!B76:D76) | E76: =SUM(B76:D76) | F76: =SUM(B76:E76)
A77: Avstämd 8 | B77: =SUM(Data!B77:D77) | E77: =SUM(B77:D77) | F77: =SUM(B77:E77)
A78: Avstämd 9 | B78: =SUM(Data!B78:D78) | E78: =SUM(B78:D78) | F78: =SUM(B78:E78)
A79: Avstämd 10 | B79: =SUM(Data!B79:D79) | E79: =SUM(B79:D79) | F79: =SUM(B79:E79)
A80: Avstämd 11 | B80: =SUM(Data!B80:D80) | E80: =SUM(B80:D80) | F80: =SUM(B80:E80)
A81: Avstämd 12 | B81: =SUM(Data!B81:D81) | E81: =SUM(B81:D81) | F81: =SUM(B81:E81)
... A89: Avstämd 20 | B89: =SUM(Data!B89:D89) | E89: =SUM(B89:D89) | F89: =SUM(B89:E89)
B91: =SUM(B2:B90) | C91: =SUM(C2:C90) | D91: =SUM(D2:D90)
A92: Tillagd i efterhand | B92: 4500 | C92: 5200 | D92: 6100

Sheet Data
A1: Post | B1: Jan | C1: Feb | D1: Mar | E1: Totalt | F1: Moms | G1: Netto | H1: Marginal | I1: Ack | J1: Kommentar
A2: Konsult 0 | B2: -18361 | C2: 28598 | D2: -1976 | E2: =SUM(B2:D2) | F2: =E2*0.25 | G2: =E2-F2 | H2: =IF(B2>0,G2/B2,0) | I2: =SUM($E$2:E2)
A3: Kontor 1 | B3: -5372 | C3: -10856 | D3: 28265 | E3: =SUM(B3:D3) | F3: =E3*0.25 | G3: =E3-F3 | H3: =IF(B3>0,G3/B3,0) | I3: =SUM($E$2:E3)
A4: Konsult 2 | B4: 24348 | C4: 28540 | D4: 38469 | E4: =SUM(B4:D4) | F4: =E4*0.25 | G4: =E4-F4 | H4: =IF(B4>0,G4/B4,0) | I4: =SUM($E$2:E4)
A5: Frakt 3 | B5: -14303 | C5: 18698 | D5: 7651 | E5: =SUM(B5:D5) | F5: =E5*0.25 | G5: =E5-F5 | H5: =IF(B5>0,G5/B5,0) | I5: =SUM($E$2:E5)
A6: Forsaljning 4 | B6: -18048 | C6: -13860 | D6: -5672 | E6: =SUM(B6:D6) | F6: =E6*0.25 | G6: =E6-F6 | H6: =IF(B6>0,G6/B6,0) | I6: =SUM($E$2:E6)
A7: Kontor 5 | B7: 13118 | C7: 19453 | D7: -18261 | E7: =SUM(B7:D7) | F7: =E7*0.25 | G7: =E7-F7 | H7: =IF(B7>0,G7/B7,0) | I7: =SUM($E$2:E7)
A8: Frakt 6 | B8: -6969 | C8: 26925 | D8: 22590 | E8: =SUM(B8:D8) | F8: =E8*0.25 | G8: =E8-F8 | H8: =IF(B8>0,G8/B8,0) | I8: =SUM($E$2:E8)
A9: Frakt 7 | B9: 7493 | C9: -5554 | D9: 9439 | E9: =SUM(B9:D9) | F9: =E9*0.25 | G9: =E9-F9 | H9: =IF(B9>0,G9/B9,0) | I9: =SUM($E$2:E9)
A10: Ovrigt 8 | B10: -1769 | C10: 33046 | D10: 36970 | E10: =SUM(B10:D10) | F10: =E10*0.25 | G10: =E10-F10 | H10: =IF(B10>0,G10/B10,0) | I10: =SUM($E$2:E10)
A11: Forsaljning 9 | B11: 29729 | C11: 32810 | D11: -9537 | E11: =SUM(B11:D11) | F11: =E11*0.25 | G11: =E11-F11 | H11: =IF(B11>0,G11/B11,0) | I11: =SUM($E$2:E11)
A12: IT 10 | B12: 2298 | C12: -1790 | D12: -9811 | E12: =SUM(B12:D12) | F12: =E12*0.25 | G12: =E12-F12 | H12: =IF(B12>0,G12/B12,0) | I12: =SUM($E$2:E12)
A13: Kontor 11 | B13: 30036 | C13: 2059 | D13: -13302 | E13: =SUM(B13:D13) | F13: =E13*0.25 | G13: =E13-F13 | H13: =IF(B13>0,G13/B13,0) | I13: =SUM($E$2:E13)
... A30001: Lager 29999 | B30001: 5482 | C30001: -16122 | D30001: 11482 | E30001: =SUM(B30001:D30001) | F30001: =E30001*0.25 | G30001: =E30001-F30001 | H30001: =IF(B30001>0,G30001/B30001,0) | I30001: =SUM($E$2:E30001)
B30021: =B30020+1
B30023: =B30022+1
B30025: =B30024+1
B30027: =B30026+1
B30029: =B30028+1
B30031: =B30030+1
B30033: =B30032+1
B30035: =B30034+1
B30037: =B30036+1
B30039: =B30038+1
B30041: =B30040+1
B30043: =B30042+1
... B30319: =B30318+1
A30420: Saknad post
B30421: =B30420*1.25
B30422: =B30420+B30421
A30423: Saknad post
B30424: =B30423*1.25
B30425: =B30423+B30424
B30427: =B30426*1.25
B30428: =B30426+B30427
B30430: =B30429*1.25
B30431: =B30429+B30430
B30433: =B30432*1.25
B30434: =B30432+B30433
B30436: =B30435*1.25
B30437: =B30435+B30436
B30439: =B30438*1.25
B30440: =B30438+B30439
B30442: =B30441*1.25
B30443: =B30441+B30442
B30445: =B30444*1.25
B30446: =B30444+B30445
B30448: =B30447*1.25
B30449: =B30447+B30448
B30451: =B30450*1.25
B30452: =B30450+B30451
B30454: =B30453*1.25
B30455: =B30453+B30454
B30457: =B30456*1.25
B30458: =B30456+B30457
B30460: =B30459*1.25
B30461: =B30459+B30460
B30463: =B30462*1.25
B30464: =B30462+B30463
B30466: =B30465*1.25
B30467: =B30465+B30466
B30469: =B30468*1.25
B30470: =B30468+B30469
B30472: =B30471*1.25
B30473: =B30471+B30472
B30475: =B30474*1.25
B30476: =B30474+B30475
B30478: =B30477*1.25
B30479: =B30477+B30478
B30481: =B30480*1.25
B30482: =B30480+B30481
B30484: =B30483*1.25
B30485: =B30483+B30484
B30487: =B30486*1.25
B30488: =B30486+B30487
B30490: =B30489*1.25
B30491: =B30489+B30490
B30493: =B30492*1.25
B30494: =B30492+B30493
B30496: =B30495*1.25
B30497: =B30495+B30496
B30499: =B30498*1.25
B30500: =B30498+B30499
B30502: =B30501*1.25
B30503: =B30501+B30502
B30505: =B30504*1.25
B30506: =B30504+B30505
B30508: =B30507*1.25
B30509: =B30507+B30508
B30511: =B30510*1.25
B30512: =B30510+B30511
B30514: =B30513*1.25
B30515: =B30513+B30514
B30517: =B30516*1.25
B30518: =B30516+B30517
B30520: =B30519*1.25
B30521: =B30519+B30520
B30523: =B30522*1.25
B30524: =B30522+B30523
B30526: =B30525*1.25
...

Sheet Berakning
A1: Nyckeltal | B1: Varde | C1: Faktor
A2: KPI 0 | B2: 0.082 | C2: 1.313
A3: KPI 1 | B3: 0.765 | C3: 0.956
A4: KPI 2 | B4: 0.907 | C4: 1.092
A5: KPI 3 | B5: 0.626 | C5: 1.131
A6: KPI 4 | B6: 0.131 | C6: 0.867
A7: KPI 5 | B7: 0.39 | C7: 1.19
A8: KPI 6 | B8: 0.825 | C8: 1.391
A9: KPI 7 | B9: 0.831 | C9: 1.222
A10: KPI 8 | B10: 0.232 | C10: 1.022
A11: KPI 9 | B11: 0.085 | C11: 1.194
A12: KPI 10 | B12: 0.288 | C12: 1.14
A13: KPI 11 | B13: 0.048 | C13: 1.031
... A61: KPI 59 | B61: 0.138 | C61: 1.167

Sheet Mall
A1: Skyddad mall | B1: Andra inte

Sheet Granska dessa
A1: GRANSKA DESSA — Excel Repair Pipeline
A2: Problem som hittats men inte ändrats — siffrorna här kan vara missvisande. Kolumnen Antal visar hur många liknande ställen som hittades.
A4: Typ | B4: Blad | C4: Plats | D4: Detalj | E4: Antal
A5: Summering missar data utanför området | B5: Sammanfattning | C5: B91 | D5: område B2:B90, data i: B92 | E5: 3
A6: Summering missar data utanför området | B6: Data | C6: G30920 | D6: område G30910:G30919, data i: G30921 | E6: 1
A7: Formel läser dolt blad | B7: Sammanfattning | C7: B2 | D7: läser 'Berakning' | E7: 1
A8: Formel läser dolt blad | B8: Sammanfattning | C8: C2 | D8: läser 'Berakning' | E8: 1
A9: Formel läser dolt blad | B9: Sammanfattning | C9: D2 | D9: läser 'Berakning' | E9: 1
A10: Formel läser dolt blad | B10: Sammanfattning | C10: B3 | D10: läser 'Berakning' | E10: 1
A11: Formel läser dolt blad | B11: Sammanfattning | C11: C3 | D11: läser 'Berakning' | E11: 1
A12: Formel läser dolt blad | B12: Sammanfattning | C12: D3 | D12: läser 'Berakning' | E12: 1
A13: Formel läser dolt blad | B13: Sammanfattning | C13: B4 | D13: läser 'Berakning' | E13: 1
A14: Formel läser dolt blad | B14: Sammanfattning | C14: C4 | D14: läser 'Berakning' | E14: 1
A15: Formel läser dolt blad | B15: Sammanfattning | C15: D4 | D15: läser 'Berakning' | E15: 1
... A27: Formel läser extern fil | B27: Sammanfattning | C27: B50, C50, B51, C51, B52 | D27: 40 celler → Gamla_2023.xlsx | E27: 40
A28: Nytt felvärde efter reparation | B28: Sammanfattning | C28: E50 | E28: 1
A29: Nytt felvärde efter reparation | B29: Sammanfattning | C29: E51 | E29: 1
A30: Nytt felvärde efter reparation | B30: Sammanfattning | C30: E52 | E30: 1
A31: Nytt felvärde efter reparation | B31: Sammanfattning | C31: E53 | E31: 1
A32: Nytt felvärde efter reparation | B32: Sammanfattning | C32: E54 | E32: 1
A33: Nytt felvärde efter reparation | B33: Sammanfattning | C33: E55 | E33: 1
A34: Nytt felvärde efter reparation | B34: Sammanfattning | C34: E56 | E34: 1
A35: Nytt felvärde efter reparation | B35: Sammanfattning | C35: E57 | E35: 1
A36: Nytt felvärde efter reparation | B36: Sammanfattning | C36: E58 | E36: 1
A37: Nytt felvärde efter reparation | B37: Sammanfattning | C37: E59 | E37: 1
A38: Nytt felvärde efter reparation | B38: Sammanfattning | C38: E60 | E38: 1
A39: Nytt felvärde efter reparation | B39: Sammanfattning | C39: E61 | E39: 1
... A47: Nytt felvärde efter reparation | B47: Sammanfattning | C47: E69 | E47: 1
A48: Dolt blad | B48: Berakning | C48: Berakning | D48: bladet är hidden — innehållet finns kvar | E48: 1

Sheet Ändringslogg
A1: ÄNDRINGSLOGG — Excel Repair Pipeline
A2: Ändringar av typen 'gissning'/'okänd' listas per cell nedan — de bör kontrolleras av en människa. Mekaniska ändringar ('säkra', t.ex. text→tal) summeras per blad längst ner.
A4: ÄNDRINGAR ATT GRANSKA
A5: Blad | B5: Cell | C5: Före | D5: Efter | E5: Åtgärd | F5: Typ
A6: Sammanfattning | B6: E50 | D6: =SUM(B50:D50) | E6: formel återskapad ur kolumnmönster | F6: gissning
A7: Sammanfattning | B7: E51 | D7: =SUM(B51:D51) | E7: formel återskapad ur kolumnmönster | F7: gissning
A8: Sammanfattning | B8: E52 | D8: =SUM(B52:D52) | E8: formel återskapad ur kolumnmönster | F8: gissning
A9: Sammanfattning | B9: E53 | D9: =SUM(B53:D53) | E9: formel återskapad ur kolumnmönster | F9: gissning
A10: Sammanfattning | B10: E54 | D10: =SUM(B54:D54) | E10: formel återskapad ur kolumnmönster | F10: gissning
A11: Sammanfattning | B11: E55 | D11: =SUM(B55:D55) | E11: formel återskapad ur kolumnmönster | F11: gissning
A12: Sammanfattning | B12: E56 | D12: =SUM(B56:D56) | E12: formel återskapad ur kolumnmönster | F12: gissning
A13: Sammanfattning | B13: E57 | D13: =SUM(B57:D57) | E13: formel återskapad ur kolumnmönster | F13: gissning
A14: Sammanfattning | B14: E58 | D14: =SUM(B58:D58) | E14: formel återskapad ur kolumnmönster | F14: gissning
A15: Sammanfattning | B15: E59 | D15: =SUM(B59:D59) | E15: formel återskapad ur kolumnmönster | F15: gissning
A16: Sammanfattning | B16: E60 | D16: =SUM(B60:D60) | E16: formel återskapad ur kolumnmönster | F16: gissning
A17: Sammanfattning | B17: E61 | D17: =SUM(B61:D61) | E17: formel återskapad ur kolumnmönster | F17: gissning
... A25: Sammanfattning | B25: E69 | D25: =SUM(B69:D69) | E25: formel återskapad ur kolumnmönster | F25: gissning
A26: Sammanfattning | B26: B70 | C26: =SUM(Data!B70:D70)+#REF! | D26: =SUM(Data!B70:D70) | E26: formel ändrad | F26: gissning
A27: Sammanfattning | B27: E70 | D27: =SUM(B70:D70) | E27: formel återskapad ur kolumnmönster | F27: gissning
A28: Sammanfattning | B28: B71 | C28: =SUM(Data!B71:D71)+#REF! | D28: =SUM(Data!B71:D71) | E28: formel ändrad | F28: gissning
A29: Sammanfattning | B29: E71 | D29: =SUM(B71:D71) | E29: formel återskapad ur kolumnmönster | F29: gissning
A30: Sammanfattning | B30: B72 | C30: =SUM(Data!B72:D72)+#REF! | D30: =SUM(Data!B72:D72) | E30: formel ändrad | F30: gissning
A31: Sammanfattning | B31: E72 | D31: =SUM(B72:D72) | E31: formel återskapad ur kolumnmönster | F31: gissning
A32: Sammanfattning | B32: B73 | C32: =SUM(Data!B73:D73)+#REF! | D32: =SUM(Data!B73:D73) | E32: formel ändrad | F32: gissning
A33: Sammanfattning | B33: E73 | D33: =SUM(B73:D73) | E33: formel återskapad ur kolumnmönster | F33: gissning
A34: Sammanfattning | B34: B74 | C34: =SUM(Data!B74:D74)+#REF! | D34: =SUM(Data!B74:D74) | E34: formel ändrad | F34: gissning
A35: Sammanfattning | B35: E74 | D35: =SUM(B74:D74) | E35: formel återskapad ur kolumnmönster | F35: gissning
A36: Sammanfattning | B36: B75 | C36: =SUM(Data!B75:D75)+#REF! | D36: =SUM(Data!B75:D75) | E36: formel ändrad | F36: gissning
A37: Sammanfattning | B37: E75 | D37: =SUM(B75:D75) | E37: formel återskapad ur kolumnmönster | F37: gissning
A38: Sammanfattning | B38: B76 | C38: =SUM(Data!B76:D76)+#REF! | D38: =SUM(Data!B76:D76) | E38: formel ändrad | F38: gissning
A39: Sammanfattning | B39: E76 | D39: =SUM(B76:D76) | E39: formel återskapad ur kolumnmönster | F39: gissning
A40: Sammanfattning | B40: B77 | C40: =SUM(Data!B77:D77)+#REF! | D40: =SUM(Data!B77:D77) | E40: formel ändrad | F40: gissning
A41: Sammanfattning | B41: E77 | D41: =SUM(B77:D77) | E41: formel återskapad ur kolumnmönster | F41: gissning
A42: Sammanfattning | B42: B78 | C42: =SUM(Data!B78:D78)+#REF! | D42: =SUM(Data!B78:D78) | E42: formel ändrad | F42: gissning
A43: Sammanfattning | B43: E78 | D43: =SUM(B78:D78) | E43: formel återskapad ur kolumnmönster | F43: gissning
A44: Sammanfattning | B44: B79 | C44: =SUM(Data!B79:D79)+#REF! | D44: =SUM(Data!B79:D79) | E44: formel ändrad | F44: gissning
A45: Sammanfattning | B45: E79 | D45: =SUM(B79:D79) | E45: formel återskapad ur kolumnmönster | F45: gissning
A46: Sammanfattning | B46: B80 | C46: =SUM(Data!B80:D80)+#REF! | D46: =SUM(Data!B80:D80) | E46: formel ändrad | F46: gissning
A47: Sammanfattning | B47: E80 | D47: =SUM(B80:D80) | E47: formel återskapad ur kolumnmönster | F47: gissning
A48: Sammanfattning | B48: B81 | C48: =SUM(Data!B81:D81)+#REF! | D48: =SUM(Data!B81:D81) | E48: formel ändrad | F48: gissning
A49: Sammanfattning | B49: E81 | D49: =SUM(B81:D81) | E49: formel återskapad ur kolumnmönster | F49: gissning
A50: Sammanfattning | B50: B82 | C50: =SUM(Data!B82:D82)+#REF! | D50: =SUM(Data!B82:D82) | E50: formel ändrad | F50: gissning
A51: Sammanfattning | B51: E82 | D51: =SUM(B82:D82) | E51: formel återskapad ur kolumnmönster | F51: gissning
A52: Sammanfattning | B52: B83 | C52: =SUM(Data!B83:D83)+#REF! | D52: =SUM(Data!B83:D83) | E52: formel ändrad | F52: gissning
A53: Sammanfattning | B53: E83 | D53: =SUM(B83:D83) | E53: formel återskapad ur kolumnmönster | F53: gissning
A54: Sammanfattning | B54: B84 | C54: =SUM(Data!B84:D84)+#REF! | D54: =SUM(Data!B84:D84) | E54: formel ändrad | F54: gissning
A55: Sammanfattning | B55: E84 | D55: =SUM(B84:D84) | E55: formel återskapad ur kolumnmönster | F55: gissning
A56: Sammanfattning | B56: B85 | C56: =SUM(Data!B85:D85)+#REF! | D56: =SUM(Data!B85:D85) | E56: formel ändrad | F56: gissning
A57: Sammanfattning | B57: E85 | D57: =SUM(B85:D85) | E57: formel återskapad ur kolumnmönster | F57: gissning
A58: Sammanfattning | B58: B86 | C58: =SUM(Data!B86:D86)+#REF! | D58: =SUM(Data!B86:D86) | E58: formel ändrad | F58: gissning
A59: Sammanfattning | B59: E86 | D59: =SUM(B86:D86) | E59: formel återskapad ur kolumnmönster | F59: gissning
A60: Sammanfattning | B60: B87 | C60: =SUM(Data!B87:D87)+#REF! | D60: =SUM(Data!B87:D87) | E60: formel ändrad | F60: gissning
A61: Sammanfattning | B61: E87 | D61: =SUM(B87:D87) | E61: formel återskapad ur kolumnmönster | F61: gissning
A62: Sammanfattning | B62: B88 | C62: =SUM(Data!B88:D88)+#REF! | D62: =SUM(Data!B88:D88) | E62: formel ändrad | F62: gissning
A63: Sammanfattning | B63: E88 | D63: =SUM(B88:D88) | E63: formel återskapad ur kolumnmönster | F63: gissning
A64: Sammanfattning | B64: B89 | C64: =SUM(Data!B89:D89)+#REF! | D64: =SUM(Data!B89:D89) | E64: formel ändrad | F64: gissning
A65: Sammanfattning | B65: E89 | D65: =SUM(B89:D89) | E65: formel återskapad ur kolumnmönster | F65: gissning
A67: SAMMANFATTNING — säkra ändringar
A68: Blad | B68: Antal | C68: Åtgärd | D68: Exempelceller
A69: Data | B69: 30000 | C69: argumentseparator normaliserad (;→,) | D69: H2, H3, H4, H5, H6
A70: Data | B70: 198 | C70: cell rensad | D70: B30420, B30423, A30426, B30426, A30429
A71: Data | B71: 150 | C71: formel rensad | D71: B30020, B30022, B30024, B30026, B30028
A72: Data | B72: 200 | C72: text konverterad till tal | D72: B30570, B30571, B30572, B30573, B30574
A73: Sammanfattning | B73: 3 | C73: formel rensad | D73: B2, C2, D2
